<?xml version="1.0"?>
<ArrayOfStudent xmlns:xsi="http://www.w3.org/2001/XMLSchema-instance" xmlns:xsd="http://www.w3.org/2001/XMLSchema">
  <Student>
    <lastName>Anton</lastName>
    <firstName>Sidorov</firstName>
    <university>	Grag</university>
    <faculty>	ViTex1</faculty>
    <department>	KomTex</department>
    <age>19</age>
    <course>5</course>
    <group>320</group>
    <city>	Mayami</city>
  </Student>
  <Student>
    <lastName>	Makton</lastName>
    <firstName>Vanov</firstName>
    <university>	Magu</university>
    <faculty>	ViTex</faculty>
    <department>	KomTex</department>
    <age>20</age>
    <course>4</course>
    <group>321</group>
    <city>	May</city>
  </Student>
  <Student>
    <lastName>	Ton</lastName>
    <firstName>Idorov</firstName>
    <university>	Mag</university>
    <faculty>	ViTex</faculty>
    <department>	KomTex</department>
    <age>18</age>
    <course>6</course>
    <group>200</group>
    <city>	Mami</city>
  </Student>
  <Student>
    <lastName>	On</lastName>
    <firstName>Sidor</firstName>
    <university>	NAgu</university>
    <faculty>	VT2</faculty>
    <department>	Kt</department>
    <age>20</age>
    <course>2</course>
    <group>315</group>
    <city>	Myami</city>
  </Student>
  <Student>
    <lastName>	Geor</lastName>
    <firstName>Mamiya</firstName>
    <university>	NAG</university>
    <faculty>	Vt</faculty>
    <department>	Kt</department>
    <age>19</age>
    <course>3</course>
    <group>350</group>
    <city>	Ayami</city>
  </Student>
  <Student>
    <lastName>	Aon</lastName>
    <firstName>Dorov</firstName>
    <university>	GAGI</university>
    <faculty>	VTZ</faculty>
    <department>	Kt</department>
    <age>18</age>
    <course>5</course>
    <group>290</group>
    <city>	Mayami</city>
  </Student>
</ArrayOfStudent>